created_at,tweet
2019-05-27 08:18:18,Next iPhone Could Bring Dual Bluetooth Audio Connection Support AAPL
2019-05-27 07:33:39,Ulysses Gains Native iPad Editor Split View and Ghost Publishing Support AAPL
2019-05-27 03:24:24,Group 3 Stocks amp ETF instruments charts are updated in 4 time frames weekly daily 4 amp 1 hour amp available for me
2019-05-27 03:23:31,Weekly Market Overview For Group 3 Stocks amp ETF instruments is available for members viewing
2019-05-27 03:23:03,Weekend Technical Video For Group 3 Stocks amp ETF instruments is available for members viewing
2019-05-27 01:00:20,Trading earnings with Technical analysis Blog post on playing both sides with AAPL Apple as an example Link
2019-05-26 19:19:41,Bitcoin 8103 vs AAPL 1802 27 1 week 36 1036 YTD 137
2019-05-26 18:02:32,AAPLOpen 18020Close 17966Daily Range 17862 18213Earnings date Jul 29 2019 Aug 2 2019
2019-05-26 16:42:26,The Big Five FAANG Stock and Sector Service is now posted for Sunday AMZN AAPL FB NFLX TSLA GOOGL and
2019-05-26 16:35:02,TSLA Fri 5 Min TPOVol Profile ChartLook like bshape Profile A lot of Resistance Ahead A lot
2019-05-26 14:24:51,Remember Professionals treat prices between 50 and 200 MA as no mans land Remain cautious to press Buy Button b
2019-05-26 14:20:15,Bearish Engulfing Mthly WeaklyDaily Bearish 1st bleeding stops daily then above 50SMA2873 then weekly 2892
2019-05-26 14:07:18,FREE Post BTFD Buy the Fking Dip Strategy ebookMUST READ for current market conditions Written by profession
2019-05-26 09:48:01,Apple AAPLAAPLLong or short it on WCX
2019-05-26 09:19:31,aapltrdng WILL COVER THE WWDC 19 Write code Blow mindsapple Worldwide Developers ConferenceSan Jose CA
2019-05-26 09:19:19,aapltrdng WILL COVER THE WWDC 19 Write code Blow mindsapple Worldwide Developers ConferenceSan Jose CA
2019-05-26 08:26:07,Why doesnt China just put out a nationwide ban of the sale of Apple products have a massive impact on their sha
2019-05-26 05:35:00,Mobile Messaging OnDemand and Cloud Services are transforming business worldwide skyone WhatsApp wechat AAPL uber aws GoogleCloud
2019-05-26 02:48:30,timcook Mr Cook Thank you for being so gracious with your time today at the coffee house it was a pleasure mee
2019-05-26 01:48:48,Half cooked bottom on the indexes Expect 280 on SPY a touch at a minimum Plan your trades accordingly Oversold
2019-05-25 21:37:32,Bitcoin 8085 vs AAPL 1802 25 1 week 36 1032 YTD 137
2019-05-25 19:46:40,alphatrends Compare buying aapl at 232 vs 142 in last 1 year Or buying tsla at 379 vs 190 Buying super hig
2019-05-25 18:22:30,SPY Daily Charts Candle Glance ViewAMZN AAPL BABA BAC CELG FBGOOG IBB IWM JPM MSFT NFLXBA
2019-05-25 17:20:01,FREE CONTENTgt A terminology guide filled with definitions and terms that all investors need to know Enjoy
2019-05-25 16:51:00,AAPL Support and Resistance Pivots for Mon 52719FB AMZN AAPLGOOG TSLA CBAC CELG IBBMSFT NFLX
2019-05-25 15:02:45,TESLA TSLA2 many great competitors nowOverpriced Ev Parts very expensive Maintenance Watchout just like
2019-05-25 13:06:11,Memorial Day Deals Save on Apple Devices and Accessories from Twelve South Mophie Best Buy and More AAPL
2019-05-25 12:31:22,WWDC 19 Write code Blow mindsapple Worldwide Developers ConferenceSan Jose CA June 37aapl apple
2019-05-25 10:57:23,esf this weekend may be time to create a list of fav stocks amp some levels to enter for swing if market contin
2019-05-25 06:50:00,Very interesting AAPL bull StockMarket stockstowatch trading
2019-05-25 03:46:00,Bitcoin 8038 vs AAPL 1802 19 1 week 36 102 YTD 137
2019-05-25 02:45:06,Apple When And If China Bans iPhones Seeking Alpha AAPL KwanChenMa BilalHashmi
2019-05-24 23:46:24,Apple Confirms ECG Functionality is Coming to Canada as quickly as Possible AAPL
2019-05-24 23:36:17,Angela Ahrendts on Apple Retail Criticism I Dont Read Any of it and None of it is Based on Fact AAPL
2019-05-24 22:26:21,iPhone XS Max vs OnePlus 7 Pro AAPL
2019-05-24 21:40:43,bdb822 carlquintanilla Tesla Similar to aapl makes iPhones amp software for it to work tsla makes EV with inbui
2019-05-24 21:03:19,Apple Inc price at close 20190524 is 17938 apple AAPL
2019-05-24 20:41:36,Apple Acquired Tueo Health a Startup Developing an Asthma Monitoring App AAPL
2019-05-24 20:15:33,AAPL closes within previous days range after lackluster session Sentiment Neutral AAPL Apple
2019-05-24 18:44:37,1 hour charts for all 78 instruments are available for members viewing ElliottWave Forex
2019-05-24 18:11:09,MacRumors Giveaway Win a Mac iPhone or iPod Plush From Throwboys Iconic Pillow Collection AAPL
2019-05-24 18:11:04,gt Get regular updates on various Stocks ETFs and Bitcoin with 50 off in Memorial Day pr
2019-05-24 18:11:01,gt Get regular updates on various Stocks ETFs and Bitcoin with 50 off in Memorial Day pr
2019-05-24 18:10:58,gt Get regular updates on various Stocks ETFs and Bitcoin with 50 off in Memorial Day pr
2019-05-24 18:00:07,How to trade options around AAPL Earnings AAPL aapl options optionstrading
2019-05-24 17:31:54,AAPL SELL
2019-05-24 17:11:43,1 hour charts for the Group 3 instruments are available for members viewing ElliottWave
2019-05-24 16:51:47,Apples 2019 iPhone Refresh Could Be A Yawner While 2020 Models Get Exciting Upgrades
2019-05-24 16:46:57,BTC 8142 vs AAPL 1802 32 1 week 36 1046 YTD 137
2019-05-24 16:36:33,iOS 13 Concept Envisions Dark Mode New Volume Indicator iPad as Extended Display for Mac and More AAPL
2019-05-24 16:26:14,Apple Releasing iOS 1231 Today With Fixes for Messages and VoLTE Bugs AAPL
2019-05-24 16:15:22,Apple Inc Reiterated Rating by Cascend Securities Ranked 118th to Buy with 210PT AAPL AAPL
2019-05-24 15:16:11,iFixit Says 2019 MacBook Pro Keyboard Has Subtle Changes to Design and Materials AAPL
2019-05-24 15:12:38,aapl stop
2019-05-24 14:41:48,AAPL reacting lower from the blue box as we highlighted a couple of weeks ago Elliottwave
2019-05-24 14:37:17,BLOCK TRADE detected in AAPL
2019-05-24 14:07:51,My prev tweet When market opens outside the range like today go long and ask questions later 710 timesit wi
2019-05-24 14:06:24,2020 iPhones May Have FullScreen Touch ID New iPhone SE Based on iPhone 8 Also Possible Next Year AAPL
2019-05-24 13:59:55,Market looking to end the week on a positive note after the Prez said restrictions could dial back on Huawei as p
2019-05-24 13:16:34,Apple AAPL shares up a notveryconvincing 034 premarket Apple trade china Huawei AppleForever stocks
2019-05-24 13:14:17,There is a new post in our blog come and check it out Apple AAPL Stocks Money
2019-05-24 11:15:33,How To Retire At 64 With Only Half A Million Seeking Alpha AAPL AGNCN HD
2019-05-24 11:01:51,Food Ordering Features Now Available in Googles Mobile Apps AAPL
2019-05-24 10:08:43,Fire Cracker effort in Full display yesterdaytrading DayTrading options stocks OptionsTrading NQ AMZN
2019-05-24 09:26:20,Taiwans Second Apple Retail Store Opening Soon in Xinyi District of Taipei AAPL
2019-05-24 09:19:53,TSLA FHL AMD AAPL NIO TIGR NVCN ZYNE MAXR watching into market openStockMarket investing luckeee
2019-05-24 05:14:38,BTC 7838 vs AAPL 1798 07 1 week 38 97 YTD 134
2019-05-24 04:14:41,BTC 7880 vs AAPL NaN 126 1 week NA 952 YTD NA
2019-05-24 00:00:25,SPY Daily Charts Candle Glance ViewAMZN AAPL BABA BAC CELG FBGOOG IBB IWM JPM MSFT NFLXBA
2019-05-23 23:35:00,Stock Indexes poised for WEEKLY VERTICAL CROSSOVER going DOWN We will call it at close of market on Friday Follo
2019-05-23 22:53:50,1 hour post market charts for the Group 3 instruments are available for members viewing
2019-05-23 22:48:38,4 hour charts for all 78 instruments are available for members viewing ElliottWave Forex
2019-05-23 22:47:42,4 hour charts for the Group 3 instruments are available for members viewing ElliottWave
2019-05-23 22:26:12,Apple Stops Signing iOS 122 Following Release of iOS 123 AAPL
2019-05-23 22:26:11,New Apple Pay Promo Offers 1 Tacos From Taco Bell AAPL
2019-05-23 21:30:41,AAPL reacting lower from the blue box as we highlighted a couple of weeks ago Elliottwave AAPL Trading
2019-05-23 21:01:42,Apple Inc price at close 20190523 is 17927 apple AAPL
2019-05-23 21:01:41,US Senate Passes Bill to Cut Down on Robocalling AAPL
2019-05-23 20:31:19,Snap Employees Have Used Internal Snapchat Tools to Spy on Users AAPL
2019-05-23 20:15:26,AAPL falls to lowest close since March 11th Sentiment Neutral AAPL Apple
2019-05-23 18:21:04,New 8Core MacBook Pro Offers Solid Performance Improvements According to Benchmark AAPL
2019-05-23 18:18:35,AAPL DailyHit 05 Fibonacci retracementMajor support zone coming up Looking for a bounce play if it gets there
2019-05-23 17:49:39,helloworld like love hello sky nature adventure photography gay view igdaily apple comingout
2019-05-23 16:36:15,AAPL Daily AAPL did have a DCB but did not form an Awave bottom etc major VBP support is coming up red r
2019-05-23 16:11:09,Samsung Rumored to Supply OLED Displays for 16Inch MacBook Pro and Future iPad Pros AAPL
2019-05-23 16:06:22,New Source Wireless Charger From Spansive Charges Four iPhones at Once Thanks to Unique Design AAPL
2019-05-23 15:34:19,Apple Inc is doomed AAPL dropped by 14857 Currently priced at 1800645 AAPL
2019-05-23 15:07:17,Apple has a plan to make online ads more private AAPL
2019-05-23 14:23:32,AAPL reacting lower from the blue box as we highlighted a couple of weeks ago Elliottwave AAPL Trading
2019-05-23 14:18:54,Deals Spotlight 2019 iPad Air Gets First Price Drop Up to 40 Off AAPL
2019-05-23 13:49:15,BLOCK TRADE detected in AAPL
2019-05-23 13:45:16,CNBCi they are one and the same no AAPL AAPL
2019-05-23 13:37:06,aapl buy stop 17975
2019-05-23 13:17:13,Apple Watch Series 4 With ECG App and irregular Heart Rhythm Notification Available aapltrdng aapl apple
2019-05-23 13:14:17,Apple Stock Downtrend AAPL chart
2019-05-23 13:11:25,71 of College Students Prefer Macs Over PCs According to Jamf Survey AAPL
2019-05-23 13:07:55,Goldman Sachs says a potential ban of Apples NASDAQAAPL products in China to retaliate against the US acti
2019-05-23 12:50:36,China has more weapons in US tariff war but do they work AAPL AAPL Automotivetechnology Industrialtechnology
2019-05-23 12:50:31,China has more weapons in US tariff war but do they work AAPL AAPL Automotivetechnology Industrialtechnology
2019-05-23 12:46:20,UBS cuts AAPL PT 235 to 225Both the TrillionRace euphoria amp AAPLs bullishness since earnings have vanished
2019-05-23 12:39:15,An ugly open ahead for the market DOW238 on trade pessimism AAPL17 on a UBS price target cut due to China w
2019-05-23 12:17:50,jimcramer Please help UBS analyst cuts price target on AAPL to 225share over 40 higher than yesterdays clos
2019-05-23 12:16:15,Instagram Website Flaw Exposed Users Phone Numbers and Email Addresses AAPL
2019-05-23 11:45:02,UBS next to cut Apple price targetSlowing iPhone demand trade war headwinds and possible ripple effects from a
2019-05-23 11:30:15,Heres how much an iPhone XS costs in 25 different countries via businessinsider AAPL AAPL
2019-05-23 10:59:26,Man Who Tricked Apple into Replacing 1500 Fake iPhones Pleads Guilty to Trafficking Counterfeit Goods AAPL
2019-05-23 09:39:58,Apple Registers Eleven New iPhone Models in Eurasian Database AAPL
2019-05-23 09:09:18,aapl AAPL bearish or too bearish
2019-05-23 08:55:27,Schuldensuehner Dumping AAPL GOOGL and other mega cap tech would be a close second Trumps Trade War is goin
2019-05-23 05:52:26,Watch out for Apple AAPL could it be a good buy on the dip
2019-05-23 05:26:01,China has more weapons in US tariff war but do they work AAPL AAPL Economy Electricalequipmentmanufacturing
2019-05-23 05:25:56,China has more weapons in US tariff war but do they work AAPL AAPL Economy Electricalequipmentmanufacturing
2019-05-23 03:08:06,shop has gone parabolic So logical next move is Lower Wrong Expect higher prices on shopify if mkt coopera
2019-05-23 02:54:57,cgc and by extension marijuana stocks looking good Expect 49 if mkt cooperates Cautious longtrading
2019-05-23 01:02:12,cmg if market cooperates chipotle will be decent long My chart explains whytrading DayTrading options
2019-05-23 00:54:52,IWM has risks both sides Stay away Let Market sort it out My chart explains why trading DayTrading
2019-05-23 00:43:56,The Group 3 Daily Technical Video is available for members viewing ElliottWave Stocks
2019-05-22 23:58:50,business someones bout to get a haircut Will WB take the L or hedge AAPL AAPL
2019-05-22 23:41:21,SPY Daily Charts Candle Glance ViewAMZN AAPL BABA BAC CELG FBGOOG IBB IWM JPM MSFT NFLXBA
2019-05-22 23:33:30,Chinese man guilty of defrauding Apple out of 1500 iPhones AAPL AAPL Technology Crime
2019-05-22 23:33:24,Chinese man guilty of defrauding Apple out of 1500 iPhones AAPL AAPL Technology Crime
2019-05-22 23:28:27,If you didnt sell AAPL amp QCOM today based on bad FTC FED ruling vs Qualcomm it was a brutal and wrongbad r
2019-05-22 23:09:11,App Developer Panic Announces New 149 Playdate Game System Coming in 2020 AAPL
2019-05-22 22:57:37,4 hour charts for all 78 instruments are available for members viewing ElliottWave Forex
2019-05-22 22:56:37,barronsonline wrong but they added to it Apple heading 13480 AAPL AAPL in extremely near future yw
2019-05-22 22:56:24,4 amp 1 hour charts for the Group 3 instruments are available for members viewing
2019-05-22 22:33:21,The Big Five FAANG Stock and Sector Service is now posted for Wednesday AMZN AAPL FB NFLX TSLA
2019-05-22 22:19:06,HandsOn With the New 4K 237Inch LG UltraFine Display AAPL
2019-05-22 21:01:54,Apple Inc price at close 20190522 is 1832701 apple AAPL
2019-05-22 20:19:53,AAPL declines to lowest close since March 13th Sentiment Neutral AAPL Apple
2019-05-22 18:31:47,Will somebody please tell the powersthatbe to take AAPL back up and over 18830 to relieve the pressure on
2019-05-22 17:54:19,Apple Updates WWDC App With Customizable Icons Hidden Session Info and iMessage Stickers Ahead of 2019 Event AAPL
2019-05-22 17:34:17,Apple Releases macOS Mojave 10145 Supplemental Update for 2018 and 2019 15Inch MacBook Pro AAPL
2019-05-22 17:32:52,aapl stop
2019-05-22 16:48:12,aapl buy stop 1799
2019-05-22 16:39:08,Watch an Apple Watch Get Dipped in 24Karat Pure Gold AAPL
2019-05-22 16:30:00,HedgeFund Parnassus Endeavor largest buys of Q12019 Apple Inc AAPL
2019-05-22 15:34:08,Apple Inc is doomed AAPL dropped by 12728 Currently priced at 184225 AAPL
2019-05-22 15:27:26,Join RobinhoodApp and well both get a stock like AAPL F or S for free Make sure to use my link
2019-05-22 15:09:22,FileMaker 18 for macOS Launches With Improved UI and More Security Controls AAPL
2019-05-22 15:04:04,Apple Previews New PrivacyFocused Ad Tracking Solution Coming to Safari Later This Year AAPL
2019-05-22 14:54:15,Possible fed minutes outcomes hint of rate cut could rally the market hint of no change is also good any wording
2019-05-22 14:44:09,Apple Pledges to Be Clearer and More Upfront With iPhone Users About Battery Health and Performance in UK AAPL
2019-05-22 14:40:59,BLOCK TRADE detected in AAPL
2019-05-22 14:39:08,Riot Games Working on Mobile Version of League of Legends Not Ready for 2019 Launch AAPL
2019-05-22 14:28:33,optionsov Hi can you please look at AAPL What do you think of it
2019-05-22 14:00:14,AAPLOpen 18466Close 18660Daily Range 18445 18571Earnings date Jul 29 2019 Aug 2 2019
2019-05-22 13:49:23,AAPLAmerica Are you tired of winning under Trump yet
2019-05-22 13:39:30,VOLATILITY has dropped vix below 15 the crash is over for now V shaped rally unlikely until deal is in the b
2019-05-22 13:34:09,Mario Kart Tour Gameplay Revealed in New Images and Video Shared From Beta Players AAPL
2019-05-22 13:12:00,EURUSD AnalyzeJust think simpleGBPUSD BTCUSDT BTC economy NASDAQ WhatsAppDown usdtry AAPL
2019-05-22 13:04:31,Shaping up for a move into the red DOW94NASDAQ47 QCOM10 will appeal a big antitrust ruling against it
2019-05-22 12:29:13,FTC Wins Antitrust Lawsuit Against Qualcomm AAPL
2019-05-22 11:37:37,tactics such as threatening to cut off access to its chips and said it cant sign exclusive supply agreements
2019-05-22 08:49:06,EE to Launch 5G in the United Kingdom on May 30 AAPL
2019-05-22 08:45:47,Youre a wizard ARRYdaytrading aapl arry apple
2019-05-22 08:29:20,Valve Releases New Steam Chat App for iOS AAPL
2019-05-22 06:45:27,Apple AAPL one of the most widely invested in and watched stocks in the world continues to break
2019-05-22 05:03:47,Apple Debuts New 8Core MacBook Pro With Updated Keyboard aapl smhq
2019-05-22 03:46:27,IF Apple Was Interested In Buying Tesla BEFORE Could It Be Interested In Buying Tesla NOW
2019-05-22 02:54:51,HYPERSCALE CAPEX FLAT PROJECTED GROWTH FOR 2020bigdata microsoft MSFT apple AAPL facebook FB amazon
2019-05-22 02:53:13,Apple won a Patent today covering a 3D method for forming Structures out of Liquid Metal AAPL LQMT 3dPRINTING
2019-05-22 02:09:58,AngelNDevil2 GerberKawasaki elonmusk Not only entire automarket is generally down 2030 from Dec to March Q Da
2019-05-22 00:11:29,SallyBundockBBC BBC DowJonesIndy Nasdaq LOL Fake news At least BBC show change CBCNews are economic on
2019-05-22 00:05:01,Stock Indexes swing back UP No weekly crossover yet Dont count on the news Follow the Charts Not the Noise
2019-05-21 23:50:42,The Group 3 Daily Technical Video is available for members viewing ElliottWave Stocks
2019-05-21 23:02:51,4 hour charts for all 78 instruments are available for members viewing ElliottWave Forex
2019-05-21 23:01:23,1 hour post market charts for Group 3 instruments are available for members viewing
2019-05-21 22:23:55,SPY Daily Charts Candle Glance ViewAMZN AAPL BABA BAC CELG FBGOOG IBB IWM JPM MSFT NFLXBA
2019-05-21 22:20:17,4 hour charts for the Group 3 instruments are available for members viewing ElliottWave
2019-05-21 21:29:37,BTC 7274 vs AAPL 18693 2 24 hours 0 07 1 week 53 8
2019-05-21 21:26:08,BTC 7274 vs AAPL NaN 2 24 hours NA 07 1 week NA
2019-05-21 21:04:16,Seven Safari Tricks on iOS You Might Not Know AAPL
2019-05-21 21:03:54,USAvUS DonaldTrump SocialMedia platforms should advance FreedomOfSpeech 1ab DC
2019-05-21 21:01:43,Apple Inc price at close 20190521 is 1878938 apple AAPL
2019-05-21 20:39:09,Transit Riders in Portland Now Able to Add Hop Fastpass to Apples Wallet App AAPL
2019-05-21 20:18:19,AAPL finds buyers at key support level Sentiment Very bullish AAPL Apple
2019-05-21 20:08:02,Its amazing my subscribers made a more profit today than i Today results 194More info in free discord
2019-05-21 20:05:49,Id support an AAPL purchase of TSLA The love of Tesla owners for their cars is undeniable AAPL could bring in ne
2019-05-21 20:04:15,Apple Named Cannes Lions 2019 Creative Marketer of the Year AAPL
2019-05-21 19:29:16,Apples Online Store Now Offering New 4K 237Inch LG UltraFine Display AAPL
2019-05-21 19:17:47,Stocks heading higher in the final hour DOW179 NASDAQ83 a big assist to the US giving temporary exemptions
2019-05-21 18:30:34,BA can not buy an uptick hereonly thing I see going up is AAPL
2019-05-21 18:25:38,aapl third time today failing 18774Come on
2019-05-21 18:15:08,I may be wrong but aapl tsla look much stronger than others
2019-05-21 18:11:29,This may very well be true but I dont think AAPL would pay 240share today The problem as I see it for Apple
2019-05-21 18:06:23,AAPL bid to buy TSLA in 2013 for 240 a share analyst says
2019-05-21 18:05:51,MelissaLeeCNBC Melissa yesterday every segment we had FUD on tesla amp today on every cnbc segment Inspite of the
2019-05-21 17:49:19,Apple Launches New Backlight Service Program for 2016 13Inch MacBook Pro Display to Address Flexgate Issues AAPL
2019-05-21 17:44:03,2018 and Newer MacBook Pro and MacBook Air Now Eligible for Apples Keyboard Service Program AAPL
2019-05-21 17:11:01,Apple Debuts New 8Core MacBook Pro With Updated Keyboard AAPL
2019-05-21 16:53:04,Tesla holds 200 as Apple backstop teased TSLA AAPL tsla Tesla NYSE NASDAQ
2019-05-21 16:36:27,aapl sell
2019-05-21 16:19:14,Apple Said to Have Made Serious Bid of 240 Per Share to Acquire Tesla Around 2013 AAPL
2019-05-21 16:16:57,aapl again reaisting at 18774
2019-05-21 16:12:22,So far I think I hold my aapl amp tsla calls into tomorrow
2019-05-21 15:43:33,Lynx cuts AAPL PT 185 to 165LeverageShares AAPL 225 AAP2 ETP 440
2019-05-21 15:35:17,DrewAdamTepper 28delayslater elonmusk timcook Google MorganStanley aapl wallstreet chamath Now some of th
2019-05-21 15:29:29,AliceCh76224366 FilmProfessor9 NotaBubble daesr1 solon594bce 7wtc Heard the repetition of the old 201314 rum
2019-05-21 15:26:04,AAPL very nice rally day play if you got in on yesterdays dip on ESF 2835 support region held for todays bounc
2019-05-21 15:08:25,aapl sell stop 18795
2019-05-21 15:03:11,Its not everyday that aapl goes up more than 2 but when it goes 4 maybe coming too
2019-05-21 15:01:34,aapl 18774 big resistance
2019-05-21 14:44:17,Vizios 2019 Smart TVs Now Available With AirPlay 2 and HomeKit Support Coming This Summer AAPL
2019-05-21 14:34:58,MAY21ST335 REDDAY Sat on my hands for 30 minutes Then like a damn fool took shares of AAPL after broke pm
2019-05-21 14:34:36,I guess I shouldve put all on aapl lol
2019-05-21 14:24:04,Google Likely to Make a UTurn in Huawei Ban Chinese Giant Declines Any Charity BreakingNews rdt
2019-05-21 14:06:49,Apple Is this what passes for innovation at aapl time to short the stock boys
2019-05-21 13:54:43,aapl roku unh tsla the best so far
2019-05-21 13:42:42,Bot aapl 190c at 87
2019-05-21 13:42:00,BLOCK TRADE detected in AAPL
2019-05-21 13:39:18,Apple Highlights Great Feedback Received From Hundreds of Apple News Publishers AAPL
2019-05-21 12:37:38,apple iphone11 design leak aapl
2019-05-21 12:34:10,Health Canada Gives Green Light to ECG App on Apple Watch AAPL
2019-05-21 12:30:12,Todays STOCK MARKET BOND amp GOLD TRENDS Tuesday May 21 2019 stockmarket wallstreet
2019-05-21 12:09:14,Tado Launches Smart AC Controller With HomeKit Support AAPL
2019-05-21 11:48:20,ValueAnalyst1 vincent13031925 Guys I heard AAPL was interested in buying TSLA at 240 So TSLA could get a buy
2019-05-21 10:59:15,Apple Sued by Over the Rainbow Composer for Alleged Piracy AAPL
2019-05-21 09:29:23,Apple Pay Launches in Hungary and Luxembourg AAPL
2019-05-21 06:09:13,Why Apple Stock Could Fall Below 160AAPL Apple NASDAQ NYSE DowJones stockstowatch
2019-05-21 00:09:05,Australias National Australia Bank Now Accepts Apple Pay AAPL
2019-05-20 23:41:30,4 hour charts for all 78 instruments are available for members viewing ElliottWave Forex
2019-05-20 23:41:02,4 hour charts for the Group 3 instruments are available for members viewing ElliottWave
2019-05-20 23:40:24,The Group 3 Daily Technical Video is available for members viewing ElliottWave Stocks
2019-05-20 22:46:16,Gfilche at this price is there a chance for a hostile takeover for tsla By aapl maybe
2019-05-20 21:53:54,Today resultsMore info in free discord trading room Worked on AAPLNVDAAIGJPM
2019-05-20 21:31:28,With a B aapl
2019-05-20 21:00:51,Apple Inc price at close 20190520 is 18242 apple AAPL
2019-05-20 20:59:14,Contact Info for Millions of Instagram Influencers Celebrities and Brand Accounts Leaked Online AAPL
2019-05-20 20:22:18,stevehanke SureeeeeAs AAPL was last 20 yearsyou can always play the 5050 prediction gamesometimes you
2019-05-20 20:16:07,AAPL declines to lowest close since March 13th Sentiment Neutral AAPL Apple
2019-05-20 20:02:23,Just a TEST testing an old modified Algo see report AAPL AAPL Apple AppleInc
2019-05-20 19:59:12,Watch out for tsla lyft uber aapl tomorrow
2019-05-20 19:44:10,US Justice Department Leaning Against Approving TMobileSprint Merger AAPL
2019-05-20 19:19:23,Google Launches New 999 Glass AR Headset for Enterprise Customers AAPL
2019-05-20 18:34:07,MacRumors Exclusive Save Up to 40 on Ankers Bluetooth Speakers Headphones and Portable Batteries AAPL
2019-05-20 18:27:01,bought some aapl a minute agoLove that smell
2019-05-20 17:57:31,We should get a Currency that can trade to all wallets AAPL chart
2019-05-20 17:44:43,BLOCK TRADE detected in AAPL
2019-05-20 17:29:10,New HyperJuice USBC Battery Pack Offers 130W of Power and 27000mAh Capacity AAPL
2019-05-20 17:09:05,Microsoft Launches First Microsoft Edge Preview Builds for Mac Users AAPL
2019-05-20 17:05:51,Craapple breaks all support Shouldve been following me instead of CNBC financial FakeNews Investors AAPL
2019-05-20 16:35:01,aapl sell
2019-05-20 16:33:19,Oh dear AAPL
2019-05-20 16:29:44,ScottWapnerCNBC Scott tsla just got a 2 interest loan on the recent bond offering Stop the fake news guys I th
2019-05-20 16:24:06,Apple Seeding Second Beta of iOS 124 to Developers Today AAPL
2019-05-20 15:40:01,AAPL Sigo largo en Apple TradingView
2019-05-20 15:34:14,Apple Inc stock dropped by 32275 Currently priced at 1829 apple AAPL
2019-05-20 15:32:06,AAPL joined BABA breaking 513 low and now aapl is aiming for a move lower toward 159 152 area elliottwave trading
2019-05-20 15:31:28,Apple Inc is doomed AAPL dropped by 32275 Currently priced at 1829 AAPL
2019-05-20 15:19:09,Pandora Launches New Desktop App for Mac AAPL
2019-05-20 15:14:13,Apple Stores Quietly Carrying New LG 237Inch UltraFine Display AAPL
2019-05-20 14:34:10,Some Apple Watch Series 3 Repairs Can Now Qualify for Series 4 Replacement AAPL
2019-05-20 14:17:04,In case you missed it Find the recording for our Big Five Webinar from last Thursday on our May Free Webinar Page
2019-05-20 14:04:18,Proposed TMobile and Sprint Merger Gains Support From FCC Chairman Ajit Pai AAPL
2019-05-20 14:00:51,AAPL is starting to play out again just as it did last October There is nothing wrong with stepping to the sid
2019-05-20 13:44:11,Google and Other Suppliers Begin Cutting Off Huawei Following US Trade Ban AAPL
2019-05-20 13:16:27,In case you missed it Find the recording for our Big Five Webinar from last Thursday on our May Free Webinar Page
2019-05-20 13:14:13,Toshiba Planning to Buy Back Memory Unit Shares Purchased Last Year by Apple and Others AAPL
2019-05-20 13:09:17,New Friends of Hue Partner Lutron Debuts New Smart Bulb Aurora Dimmer AAPL
2019-05-20 11:00:28,SariArhoHavren MIInvestments you know how you stop tech transfer stop sending all of your manufacturing to Ch
2019-05-20 03:32:25,ATTENTION Apple has reported issues with the AppStore on their website Check their support page for updates
2019-05-20 01:54:48,When is China gonna ban Apple salesaapl tradewar aapl huawei notfriendsSide note US just lifted steel and
2019-05-19 23:32:13,iOS 13 Everything We Know So Far AAPL
2019-05-19 20:10:00,AAPL Compra APPLE TradingView
2019-05-19 19:24:21,Stop loss works great for stocks But for options it is poor idea openinterest and volatiliy messes up Define
2019-05-19 19:01:54,The Big Five FAANG Stock and Sector Service is now posted for Sunday AMZN AAPL FB NFLX TSLA
2019-05-19 15:41:12,Hospital admin insurance comp execs and physician leaders AAPL stop using the term provider to describe MDDOs
2019-05-19 04:01:12,This is what I get for giving a f again When I treat BTC like AAPL in my IRA and never look at the chart its
2019-05-18 20:06:48,SHORT AAPL Targeting Area between 172182 now its 21052 AAPL TradingView
2019-05-18 19:32:11,Incredible AAPL
2019-05-18 18:41:52,USAvUS SocialMedia platforms should advance FreedomOfSpeech Tech Bias Sharing Tool here
2019-05-18 17:45:25,war weapon Data on Wednesday also showed China sold the most Treasurys in almost 25 years in MarchApple N
2019-05-18 15:28:14,AppleTV in the wild sighting AAPL
2019-05-18 15:00:00,HedgeFund firm DiamondHill largest sales of Q12019 Apple Inc AAPL
2019-05-18 14:48:40,Which of these 5 do you hold in your portfolio if anyBEST Daily Motivation quotes Business Tips and Advice
2019-05-18 11:15:48,BTC 7421 vs AAPL 18693 63 24 hours 0 132 1 week 56 484 YTD
2019-05-18 09:57:59,AAPLOpen 18693Close 19008Daily Range 18681 19089Earnings date Jul 29 2019 Aug 2 2019
2019-05-18 02:45:30,MSFT or AAPL I think both will be taking leaps amp bounds in the future and I dont see why it has to be one or th
2019-05-17 22:06:30,AAPL Daily ChartNot looking good 180 175 possible aapl stocks pivots markets daytrading
2019-05-17 21:40:37,AAPL Support and Resistance Pivots for Mon 52019FB AMZN AAPLGOOG TSLA CBAC CELG IBBMSFT NFLX
2019-05-17 21:02:12,Apple Inc price at close 20190517 is 18957 apple AAPL
2019-05-17 20:25:43,Hey All Check out my video with this weeks stories from the world of Apple apple news
2019-05-17 20:16:43,AAPL closes lower for the 2nd day in a row Sentiment Neutral AAPL Apple
2019-05-17 20:12:31,Handson With Boss Audios Latest CarPlay Receiver With Exclusive Deal for MacRumors Readers AAPL
2019-05-17 19:32:17,Some 2018 Lexus Vehicles Eligible for 199 Software Update to Add CarPlay Support AAPL
2019-05-17 18:38:52,GerberKawasaki ross I think if we find out in the weekend that elonmusk is working with googl or aapl for makin
2019-05-17 18:29:41,1 hour charts for all 78 instruments are available for members viewing ElliottWave Forex
2019-05-17 18:12:09,MacRumors Giveaway Win a Luna Display Adapter That Turns Your iPad Into a Second Screen for Your Mac AAPL
2019-05-17 16:13:06,Anatomy of a trade Capturing 20 pts of Futures Approx 1000 profit in few hours on a dull day trading
2019-05-17 14:49:29,AAPL short term Unclear May have one more small wave down to 184ish RSI and MACD mixed signals EMA downtrend s
2019-05-17 14:11:51,BLOCK TRADE detected in AAPL
2019-05-17 14:07:07,Google Pixel 4 Leaks Suggest PunchHole Selfie Camera and Total Lack of Physical Buttons AAPL
2019-05-17 13:57:25,Microsoft Reveals New Augmented Reality Mobile Game Minecraft Earth AAPL
2019-05-17 13:56:25,IVST Major Developments Audited Financials Coming Any Day Nowapple aapl stockstowatch stockalert
